id,name
200011,시계(우) 방향◎
200012,시계(우) 방향○
200013,시계(우) 방향×
200014,시계 방향의 귀신
200021,반시계(좌) 방향◎
200022,반시계(좌) 방향○
200023,반시계(좌) 방향×
200031,도쿄 경기장◎
200032,도쿄 경기장○
200033,도쿄 경기장×
200034,후츄가 점지한 아이
200041,나카야마 경기장◎
200042,나카야마 경기장○
200043,나카야마 경기장×
200051,한신 경기장◎
200052,한신 경기장○
200053,한신 경기장×
200061,교토 경기장◎
200062,교토 경기장○
200063,교토 경기장×
200064,요도가 점지한 아이
200071,츄쿄 경기장◎
200072,츄쿄 경기장○
200073,츄쿄 경기장×
200081,삿포로 경기장◎
200082,삿포로 경기장○
200083,삿포로 경기장×
200091,하코다테 경기장◎
200092,하코다테 경기장○
200093,하코다테 경기장×
200101,후쿠시마 경기장◎
200102,후쿠시마 경기장○
200103,후쿠시마 경기장×
200111,니이가타 경기장◎
200112,니이가타 경기장○
200113,니이가타 경기장×
200121,코쿠라 경기장◎
200122,코쿠라 경기장○
200123,코쿠라 경기장×
200131,근간거리◎
200132,근간거리○
200133,근간거리×
200141,비근간거리◎
200142,비근간거리○
200143,비근간거리×
200151,양호한 경기장◎
200152,양호한 경기장○
200153,양호한 경기장×
200154,양호한 경기장의 귀신
200161,진창길◎
200162,진창길○
200163,진창길×
200164,진창길의 귀신
200171,봄 우마무스메◎
200172,봄 우마무스메○
200173,봄 우마무스메×
200174,첫 봄바람
200181,여름 우마무스메◎
200182,여름 우마무스메○
200183,여름 우마무스메×
200184,상쾌한 여름 바람
200191,가을 우마무스메◎
200192,가을 우마무스메○
200193,가을 우마무스메×
200194,초가을 강풍
200201,겨울 우마무스메◎
200202,겨울 우마무스메○
200203,겨울 우마무스메×
200204,얼어붙는 바람
200211,맑은 날◎
200212,맑은 날○
200221,흐린 날◎
200222,흐린 날○
200231,비 오는 날◎
200232,비 오는 날○
200233,비 오는 날×
200241,눈 오는 날◎
200242,눈 오는 날○
200251,안쪽 그룹 능숙◎
200252,안쪽 그룹 능숙○
200253,안쪽 그룹 서투름
200261,바깥쪽 그룹 능숙◎
200262,바깥쪽 그룹 능숙○
200263,바깥쪽 그룹 서투름
200271,단독◎
200272,단독○
200281,대항 의식◎
200282,대항 의식○
200283,내향적인 성격
200291,집중 마크◎
200292,집중 마크○
200301,복병◎
200302,복병○
200311,GⅠ 서투름
200321,소심한 성격
200331,호선의 프로페서
200332,코너 달인○
200333,코너 달인×
200341,곡선의 소믈리에
200342,코너 가속○
200343,코너 가속×
200351,원호의 마에스트로
200352,코너 회복○
200353,코너 회복×
200361,한줄기 질풍
200362,직선 달인
200371,일진광풍
200372,직선 가속
200381,호전일식
200382,직선 회복
200391,언덕 서투름
200401,마군 기피
200411,포기하는 버릇
200421,방심하는 버릇
200431,컨센트레이션
200432,집중력
200433,게이트 난동
200441,강철 같은 의지
200442,방패막이
200451,주목 받는 댄서
200452,포지션 센스
200461,텐션 오르는데!
200462,페이스 업
200471,꺾이지 않는 마음
200472,페이스 킵
200481,마이동풍
200482,마군 속 냉정
200491,논스톱 걸
200492,뒤처지기 방지
200501,레인의 마술사
200502,임기응변
200511,전심전력
200512,뒷심
200521,공회전
200531,선수 필승
200532,앞장서기
200541,탈출술
200542,빠른 걸음
200551,도망자
200552,굳히기 준비
200561,여유만만
200562,스태미나 킵
200571,레이스 플래너
200572,좋은 위치 뒤따르기
200581,스피드스터
200582,빠져나갈 준비
200591,신속 과감
200592,위치 선정 밀어붙이기
200601,능숙한 환승
200602,추월 확정 태세
200611,승천하는 용
200612,외곽 추월 준비
200621,잠자는 사자
200622,후방 대기
200631,질풍노도
200632,뛰어난 작전
200641,육박하는 그림자
200642,직선 주파
200651,스프린트 터보
200652,스프린트 기어
200662,상황 파악
200671,번갯불의 번뜩임
200672,바짝 붙기
200681,마일의 지배자
200682,적극책
200691,혜안
200692,전개 살피기
200701,강인한 다리
200702,상승기류
200711,개척자
200712,전도유망
200721,킬러 튠
200722,템포 업
200731,승리를 향한 집념
200732,물고 늘어지기
200741,쿨다운
200742,심호흡
200751,내적 체험
200752,안쪽 코너 여포
200761,위기 앞의 저력
200762,외장 탱크
200771,트릭(앞)
200772,넋이 나가는 트릭
200781,트릭(뒤)
200791,도주 심리전
200801,선행 심리전
200811,선입 심리전
200821,추입 심리전
200831,도주 견제
200841,도주 긴장
200851,도주 주저
200861,선행 견제
200871,선행 긴장
200881,선행 주저
200891,선입 견제
200901,선입 긴장
200911,선입 주저
200921,추입 견제
200931,추입 긴장
200941,추입 주저
200951,오이 경기장◎
200952,오이 경기장○
200953,오이 경기장×
200961,단거리 직선◎
200962,단거리 직선○
200963,자전일섬
200971,단거리 코너◎
200972,단거리 코너○
200973,자전원인
200981,압도적 리드
200982,큰 리드
200991,플랜 X
200992,선후책
201001,준비 완료!
201002,작전 준비
201011,뇌쇄술
201012,후방 못박기
201021,도망 금지령
201022,앞지르기 금지
201031,마일 직선◎
201032,마일 직선○
201033,호풍일섬
201041,마일 코너◎
201042,마일 코너○
201043,호풍원인
201051,기어 체인지
201052,기어 시프트
201061,액셀 전개!
201062,액셀러레이션
201071,여장부 기질
201072,오기
201081,스피드 그리드
201082,스피드 이터
201091,포진
201092,포석
201101,중거리 직선◎
201102,중거리 직선○
201103,광망일섬
201111,중거리 코너◎
201112,중거리 코너○
201113,광망원인
201121,천리안
201122,호크아이
201131,라이트닝 스텝
201132,천둥 번개 스텝
201141,신들린 스텝
201142,경쾌한 스텝
201151,독점력
201152,속박
201161,매혹적인 속삭임
201162,속삭임
201171,장거리 직선◎
201172,장거리 직선○
201173,열풍일섬
201181,장거리 코너◎
201182,장거리 코너○
201183,열풍원인
201191,선봉의 마음가짐
201192,리드 킵
201201,VIP 프리패스
201202,능숙한 패스
201211,노도의 추격
201212,추격
201221,스태미나 그리드
201222,스태미나 이터
201231,요술사
201232,눈속임
201241,도주 직선◎
201242,도주 직선○
201243,진풍일섬
201251,도주 코너◎
201252,도주 코너○
201253,진풍원인
201261,식스센스
201262,위험 회피
201271,톱 러너
201272,선두 프라이드
201281,말괄량이 우마무스메
201282,기세로 밀어붙이기
201291,재연소
201292,두 번째 화살
201302,리스타트
201311,선행 직선◎
201312,선행 직선○
201313,용신일섬
201321,선행 코너◎
201322,선행 코너○
201323,용신원인
201331,기교파
201332,교묘한 스텝
201341,결의의 직활강
201342,직활강
201351,먹보
201352,영양 보급
201361,불굴의 정신
201362,새 출발
201371,현혹의 교란
201372,교란
201381,선입 직선◎
201382,선입 직선○
201383,예각일섬
201391,선입 코너◎
201392,선입 코너○
201393,예각원인
201401,노력가
201402,근면한 태도
201411,백만 마력
201412,십만 마력
201421,릴랙스
201422,짧은 휴식
201431,대국관
201432,독해력
201441,사방팔방 째려보기
201442,날카로운 눈빛
201451,추입 직선◎
201452,추입 직선○
201453,월영일섬
201461,추입 코너◎
201462,추입 코너○
201463,월영원인
201471,시야 양호! 이상 없음!
201472,간파
201481,하교 후의 스페셜리스트
201482,하굣길의 즐거움
201491,냉정 침착
201492,냉정
201501,천명을 받은 자
201502,책사
201511,뜨거운 시선
201512,시선
201521,도주의 요령◎
201522,도주의 요령○
201531,선행의 요령◎
201532,선행의 요령○
201541,선입의 요령◎
201542,선입의 요령○
201551,추입의 요령◎
201552,추입의 요령○
201561,슈퍼 럭키 세븐
201562,럭키 세븐
201571,스리 세븐
201581,등산가
201582,궁극의 힐 클라이머
201591,우마무스메 애호가
201592,우마무스메 마니아
201601,터다지기
201602,만반의 준비
201611,꼬리 올리기
201612,꼬리 솟구쳐 오르기
201621,쥐어짜기
201631,심퍼시
201632,커넥트
201641,고독한 늑대
201651,슬립 스트림
201652,좋은 데에 들어왔어!
201661,장난은 끝이야!
201662,먼저 갑니다!
201671,차트 급상승!
201672,레커멘드
201681,목표는 맨 앞줄!
201682,앞줄 겨냥
201691,잠복 태세
201692,조용한 호흡
201701,결사의 각오
201702,남김 없이
201801,엠보싱 네일
201901,치열한 승부
201902,정면 승부
202001,모래의 현인
202002,모래 먼지 적응
202011,노력의 결정체
202012,노력의 결과
202021,강공책
202022,이른 작전
202031,도박사
202032,수상한 작전
202041,의기충천
202042,가벼운 발걸음
202051,대도주
202061,일본 최고의 우마무스메
202071,태연자약
202072,마이페이스
202081,기사회생
202082,원 찬스
202091,기염만장
202092,투쟁심
202101,고양감
202102,앞으로 기우뚱
202111,파죽지세
202112,기합충분
202121,대담무쌍
202122,두려워하지 않는 마음
202131,사나운 회오리바람
202132,기백을 담아서
202141,나한테 지시하지 마!!
202151,용왕매진
202152,풀 스로틀
202161,자제심
202171,지고의 다운힐러
202172,내리막 달인
202191,일의전심
202192,빈틈 없음
202201,가와사키 경기장◎
202202,가와사키 경기장○
202203,가와사키 경기장×
202211,후나바시 경기장◎
202212,후나바시 경기장○
202213,후나바시 경기장×
202221,모리오카 경기장◎
202222,모리오카 경기장○
202223,모리오카 경기장×
202231,야간◎
202232,야간○
202233,야간×
202241,작은 회전◎
202242,작은 회전○
202243,작은 회전×
202251,교류 대상경주◎
202252,교류 대상경주○
202253,교류 대상경주×
202254,교류 대상경주의 귀신
202261,승리할 기회
202262,좋은 징조
202271,권토중래
202272,만회하기
202281,전속전진!
202282,쏜살같이
202291,명경지수
202292,또렷한 생각
202301,우아한 모래 샤워
202302,모래 샤워○
202303,모래 샤워×
202311,센터를 노려라!
202312,의욕은 충분
202321,폭주 모드!
202322,급부상
202331,발군의 파고들기
202332,능숙한 파고들기
202341,흙투성이 마이스터
202342,흙장난◎
202343,흙장난○
202344,흙장난×
202351,모래 위의 무희
202352,흙먼지
202361,방심은 큰 적
202362,압박감
202371,언스토퍼블
202372,공세
202381,브레이크 스루
202382,타개책
202391,출력 1000%!
202392,안간힘
202401,전광석화
202402,한달음
202411,풍운의 뜻
202412,향상심
202421,무아몽중
202422,죽기살기
202431,쾌진격
202432,확실한 발걸음
202441,승부사
202442,모험심
202451,톱기어
202452,폭발하는 다리
202461,밟을 수 없는 그림자
202462,끈질기게 버티기
202471,맹추격
202472,달려들기
202481,괴물
202482,진가 발휘
202491,뛰어난 추입력
202492,추입력
202501,마구마구
202502,무모함
202511,1번 인기 쩔어
202521,천의무봉
202522,상식 파괴
202531,우위형성
202532,단아한 발걸음
202541,위풍당당
202542,중압감
202551,신속
202552,쾌속
202561,일발필중
202562,록 온
202581,민첩함의 너머로
202582,한눈팔지 않고
202591,일기가성
202592,서두르기
202601,루미네선스
202602,이그니션
202612,넘치는 정열
202621,돌격 정신
202622,진출 개시
202641,천릿길
202642,한 걸음부터
202651,운증용변
202652,자신감
202661,솟구치는 고동
202662,치밀어 오르는 열
202671,하이 볼티지
202672,들뜬 마음
202681,띄워☆보자↑텐션
202682,텐션 상승
202691,누구보다 앞으로!
202692,제일 먼저
202701,싱귤래러티
202702,탐구심
202711,결정적인 한 수
202712,회심의 한 걸음
202721,네버 기브 업
202722,굴하지 않는 마음
202731,롱샹 경기장◎
202732,롱샹 경기장○
202733,롱샹 경기장×
202734,롱샹이 점지한 아이
202741,완전무결
202742,품행방정
202751,늠름한 기개
202752,한결같이 전진
202761,날려 버려!
202762,승리를 향해
202771,일점집중
202772,정확히 노려서
202791,절묘한 타이밍
202792,중반 달인
202801,선점 승부
202802,초반 달인
202811,화룡점정
202812,대단원
202821,만리일공
202822,망설임 없음
202831,콜&리스폰스
202832,두 번째 수단
202841,모래의 묘수
202842,모래 털기
202851,일망타진
202852,단번에 앞지르기
202861,로켓 스타트
202862,급발진
202871,군림
202872,혼신의 발걸음
202881,완전연소
202882,끓어오르는 피
202892,부동심
202901,비상하는 다리
202902,추력 충분
202912,무너뜨리기
202921,일심불란
202922,미련 없음
202931,육박
202932,그림자 밟기
202942,소름 끼치게
202951,모래의 개척자
202952,파이오니어
202961,열정
202962,들끓는 마음
202971,천재일우
202972,기회를 붙잡아
202981,유성광저
202982,비약의 예감
202991,직선 코스◎
202992,직선 코스○
202993,직선 코스×
203001,장악
203002,농간
203011,전신속공
203012,순발력
203021,바람을 타고
203022,바람을 가르고
203031,정공법
203032,올곧은 한 걸음
203041,두근대는 하트
203042,가슴의 고동
203051,초지일관
203052,흔들림 없는 신념
203061,무이
203071,무삼
203081,힘껏 밟는 대지
203082,있는 힘껏
203091,사진일섬
203092,더트 직선◎
203093,더트 직선○
203101,사진원인
203102,더트 코너◎
203103,더트 코너○
203111,왕도일도
203112,정면 돌파
203121,강자의 증명
203122,더욱 높은 곳으로
203131,마무리
203132,결정타
203141,영리청징
203142,극기심
203151,본능 해방
203152,날것의 정열
203161,호담무비
203162,앞뒤 가리지 않고
203171,일장일이
203172,능숙한 페이스 조절
203181,청탁병탄
203182,모순된 마음
203201,재빠른 솜씨
203202,눈으로도 쫓을 수 없는
203212,마음 내키는 대로
203221,영종타파
203222,어그레시브
203232,들뜬 발걸음
203241,연쇄반응
203242,단서
203251,열화와 같이
203252,급습
203262,각오를 굳히고
203272,선봉대장
203301,극한의 치열함
203302,열광적
203311,섬광
203312,빛이 비치는 곳으로
203322,달려 내려가기
203331,용의주도
203332,사전 준비
203341,추적자
203342,접근하는 발소리
203351,용맹과감
203352,하이 피치
203361,진면목
203362,한 걸음씩 앞으로
203371,반격
203372,되받아치기
203381,승부는 지금부터!
203382,도주 확정 태세
203391,영자삽상
203392,파천황
203402,순풍을 타고서
203411,노력의 결실
203412,착실히 거듭하여
203421,정정당당
203422,자신을 믿고
203431,재기환발
203432,약동
203441,꿈의 무대로
203442,동경을 넘어서
203452,터닝 포인트
203461,걸출
203462,빼어난 한 걸음
203471,맹렬격주
203472,넘쳐흐르는 투지
203481,이니셔티브
203482,양보할 수 없는 한 걸음
203491,맞부딪치기
203492,불꽃 튀기며
203501,영웅호걸
203502,비할 바 없는
203511,비예
203512,패기 충만
203522,언뜻 보인 빛
203532,등용문
203541,천진난만
203542,발길 가는 대로
203552,스텝 업
203562,분투
203571,돌파구
203572,발판
203582,포착
203591,독립독보
203592,밀어붙여!
203601,훌륭한 모래 차기
203602,모래 차기
203611,수적천석
203612,정진
203621,스트레이트 하트
203622,올곧은 달리기
203631,유일무이
203632,꿈을 향한 도전
203642,광명
203651,패스파인더
203652,활로를 뚫는다!
203661,유구주파
203662,굳센 다리
203671,아지랑이
203672,고요한 열기
203681,비장의 투혼
203682,부단한 단련
210011,아오하루 연소・속
210012,아오하루 점화・속
210021,아오하루 연소・체
210022,아오하루 점화・체
210031,아오하루 연소・역
210032,아오하루 점화・역
210041,아오하루 연소・근
210042,아오하루 점화・근
210051,아오하루 연소・지
210052,아오하루 점화・지
210061,샛별
210062,기라성
210071,너와 함께 이기고 싶어
210072,꿈꾸는 도중
210081,한계 저 너머로
210082,앞만 바라보며
210091,레이스의 진수・속
210101,레이스의 진수・체
210111,레이스의 진수・역
210121,레이스의 진수・근
210131,레이스의 진수・지
210141,레이스의 진수・심
210261,태양의 예지
210262,햇살의 가호
210271,대해의 예지
210272,바다의 가호
210281,대지의 예지
210282,땅의 가호
210291,최고봉의 꿈
210292,마음을 짊어지고
210301,폭열의 반짝임!
210302,버닝 소울
210311,애슬리트 정신
210321,우리가 달리는 여정
210322,언제까지나 건강하게
210331,요리의 극의
210341,"조금만 더, 멋진 풍경을"
210342,꿈을 재생시키는 방법
210351,새로운 전설을 세우는 자
210352,시대를 바꾸는 자
210361,본능의 가교
210362,있는 그대로
407011,반짝이는 승부
407021,불타오르는데!!
407031,최선을 다해서!
407041,둘도 없는 정열
407051,파죽근육
407061,스테이 튠!
407071,이어지는 고양감
408011,경애! 우마무스메 마니아
408021,오래 기다리셨습니다!
408031,이쯤에서 맛 바꾸기!
408041,즉석 3스타 코너링
408051,경작! 개간 스프린트
408061,곡선의 그랑 셰프
409011,몬스터 머신
409021,리커버리 시퀀스
409031,시스템 올 그린
409041,리미터 해제
409051,선두 유지 알고리즘
409061,호선의 톱 스콜라
410011,전설 강림
410021,질풍보다 앞으로
410031,혁명의 기로
410041,꿈의 선구자
410051,세월이 인도하는 한 수
410061,운상비상
411011,개척자의 궤적
411021,미지를 향한 트라이얼
411031,불굴의 서바이벌 정신
411041,대지를 뒤흔드는 질주
411051,와일드 앳 하트
411061,대자연의 고동
900011,슈팅 스타
900021,선두의 경치는 양보할 수 없어…!
900031,궁극 테이오 스텝
900041,홍염 기어/LP1211-M
900051,반짝이는 별의 보드빌
900061,승리의 고동
900071,"불침함, 출항!"
900081,커팅×DRIVE!
900091,브릴리언트 레드 에이스
900101,빅토리 샷!
900111,정신일도 하사불성
900121,맞짱! 데드히트!
900131,존귀한 사명을 완수하기 위하여
900141,플란차☆가나도르
900151,빅토리아에게 바치는 무도
900161,Shadow Break
900171,"그대, 황제의 신위를 보라"
900181,블레이즈 오브 프라이드
900191,존귀☆라스트 스퍼—(ﾟ∀ﾟ)—트!
900201,앵글링×스키밍
900211,"하얀 번개, 보여 주꾸마!"
900221,Fairy tale
900231,∴win Q.E.D.
900241,번뜩임☆랜딩
900251,당신을・뒤쫓아서
900261,G00 1st.F∞;
900271,레츠 아나볼릭!
900281,I'M☆FULL☆SPEED!!
900291,눈에 반사되는 빛을 쫓아서
900301,블루 로즈 체이서
900311,충전 완료! 전속 전진!
900321,U=ma2
900331,디오스쿠로이의 유성
900341,"쾌주로다, 쾌주로다!"
900351,승리의 티켓을 너에게!
900361,trigger:BEAT
900371,Schwarzes Schwert
900381,#LookatCurren
900391,"공주라면, 우승을 이 손에"
900401,KEEP IT REAL.
900411,우등생×돌진=대승리!
900421,『I'm possible』
900431,Ding Dong Boo
900441,받아 갈게☆스트렐리치아!
900451,퓨리티 오브 하트
900461,반짝반짝☆STARDOM
900471,"치켜들어라, 내 영혼의 검을!"
900481,YEAH☆VIVID TIME!
900491,벼랑 끝에서 광기를 비웃어라
900501,Nemesis
900511,"꽃봉오리, 피어날 때"
900521,두근두근 클라이맥스
900531,열혈!! 선도 어택
900541,질풍폭주 페가수스 대시!
900551,만색찬란☆마블러스★세계
900561,옵니다 오고 있습니다 오게 할 겁니다!
900571,"서정, 여로의 끝에"
900581,I Never Goof Up!
900591,"저편, 그 너머로…"
900601,반드시 그 너머로…!
900611,Pride of KING
900621,"땅, 팟, 뭉"
900631,정금백련
900641,크게 앞지르는 길
900651,텐션 올려 푸쳐핸썹!
900661,엔진 전개! 대분사!
900671,어둠을 비추어라 영원한 빛
900681,승리의 함성 어기여차!
900691,동경은 벚꽃을 넘는다!
900701,세이리오스
900711,"일생의 꿈, 찰나의 비상"
900721,"열화요란, 무적의 춤"
900731,불타오르는 절대적인 의지
900741,아름다운 꽃소식을 알리는 바람
900761,"꽃피는, 세계"
900771,Road to Glory
900781,빛나는 바람
900791,『후나바시 최강!』
900801,Info: Acquired
900821,Shining Runway
900831,Mission: Triumph
900841,벽력의 아우프헤벤
900851,최상이어라
900861,사랑과 녹아라 그저 녹아라
900871,Silent letter
900881,Reversal Illusion
900891,Celeste Oath
900901,Queen's Rebirth
900911,디럭스☆파운틴
900931,행복의 푸른 빛
900941,Faith in the Feral
900961,"지소기적, 백전불태"
900981,운이 트여 날아오르리
900991,빛나라☆토마코마이
901001,Never Say Never
901021,Vivace Volare
901041,새벽의 깃발 『카츠라기 에이스』!
901051,애드・아스트라
901061,Bang☆전 미라클!
901071,Billions of stars
901081,"나찰, 붉은 날개로 천상에 오르리"
901091,잇고・이어지는×꿈・미래
901101,Guiding Sea
901111,"따라간 핏줄, 싹트는 미래"
901151,"나의 패도, 가로막을 자 없도다"
901161,열화의 세례
901171,날 선 기세의 알레그로
901191,"『그럼, 좋은 여행 되시길』"
901201,무이무삼인 한 줄기 길
901211,Lame de vent
901241,"부푸는 꿈, 선봉의 길"
901271,대상 포착! 정의 수행!
901311,¡Qué alegría!
901321,Circulating Love♡
901331,Weaving History
910011,겁나게 귀엽네♪머린 다이브
910021,수평선 저 너머로
910031,"절대는, 나야"
910041,뭉클하게♪Chu
910051,Ravissant
910061,크리스마스 이브의 미라클 런!
910071,Adventure of 564
910081,Into High Gear!
910091,Queen's Lumination
910101,Joyful Voyage!
910111,게인 힐・슈피리어
910121,곱빼기! 퍼스트 바이트!
910131,최강의 이름을 걸고
910141,콘도르 맹격파
910151,복을 베푸는 바르카롤
910161,회색 임계점
910171,어스름이 물러서는 떠들썩한 화살
910181,"훈풍, 영원한 순간을"
910191,너무 존귀해서 되살아났다해!
910201,Do Ya Breakin!
910211,불벼락
910221,Best day ever
910231,Presents from X
910241,플라워리☆머누버
910251,진심 어린 대접이다냥
910261,오퍼레이션・Cacao
910271,당신에게 바치는 프리 푸어링
910291,많이 드셔유!
910301,Drain for rose
910311,프레시☆팔러
910321,여름 하늘 헐레이션
910331,Crystal Mist
910341,등불
910351,"꿈 너머로, 전해져라!"
910361,...found you.
910371,Guten Appetit♪
910381,One True Color
910391,유쾌하고도 굳센 힘
910401,GET DOWN
910411,CHERRY☆스크램블
910421,Do!sirak-magic☆
910441,비장의 materialize
910451,빙글빙글 머미 트릭♡
910461,α-star*
910471,"미지와의 조우, 즉 이야기"
910481,GALmem.포에버♪
910501,Hephaistos
910511,Flowering Dreams
910521,113전 114기
910531,오의・늘 여름 버닝!!
910561,벼가 곧 무르익노라
910571,난연활보
910581,Spooky-Scary-Happy
910591,두근거림이 부르는 곳으로
910601,Go☆Go☆for it!
910611,울려 퍼져라! 트레센 응원단!
910621,데구루루!? 파워 드라이브
910641,jingle all the way
910651,"즐겨라, 매시업!"
910671,"검은 구름을 흩뜨리는, 황금의 첫 화살"
910681,훌륭한 진수성찬!
910691,피어라 피어라! 나!
910701,"내달리는 빛, 사냥하는 별들"
910711,Danser le présent
910721,"강용과단, 열화의 칼"
910741,Illuminate you
910771,Joy to the World
910781,Breezy Treat
910831,Immortal Work
910841,심연의 테르프시코레
910851,푸른 불꽃
910861,풀리지 않는 매듭
910871,푹신 보들 아워
910981,오방신이 모여 광채를 연주하니
910991,튀어나와요☆팝핑 셸
911041,결의일필
911051,Encounter with U
911071,Romantic Horizon
911101,시간을 달리는 여울
920011,"위풍당당, 아름다운 꿈!"
920031,"가무환락이여, 아아 즐겁도다"
920041,영험작연 따봉 신탁
920071,Vive la GOLD
920111,연무・숙녀의 나기나타
920131,"빛나는 바다, 눈부신 그대"
920231,승리에 이르는 누적
920241,HOP STEP♪LOCK ON!
920301,푸른 하늘 쿠킹♪
920311,전력 전개! 사이클론
920321,초광속 미립자의 가능성
920351,GO! Full-send
920371,바닷바람의 Geschenk
920401,Silent Sunset Gold
920451,인법・미소로 맺는 마음의 인
920461,Forward March!
920501,Overdrive Speed
920601,쫀득쫀득・맑음맑음
920611,이상으로의 winding road
920671,퐁트・드・디아망
920681,모두의 나에게!
10071,파란주의포!
10081,액셀X
10091,레드 에이스
10111,정신일도
10141,열혈☆아미고
10181,엠프리스 프라이드
10241,승리의 키스☆
10271,불타라 근육!
10321,introduction: My body
10351,전력 V 사인!
10411,반장+스피드=돌진
10451,클리어 하트
10521,두근두근 준비 땅!
10541,페가수스 풀파워!
10561,와 주세요 와 주세요!
10601,"나도 가끔은 해야지, 안 그래?"
10611,Call me KING
10621,"레디, 땅!"
10631,"치고, 연마해서"
10661,엔진 점화!
10731,"마음, 강하게!"
100011,슈팅 스타
100021,선두의 경치는 양보할 수 없어…!
100031,궁극 테이오 스텝
100041,홍염 기어/LP1211-M
100051,반짝이는 별의 보드빌
100061,승리의 고동
100071,"불침함, 출항!"
100081,커팅×DRIVE!
100091,브릴리언트 레드 에이스
100101,빅토리 샷!
100111,정신일도 하사불성
100121,맞짱! 데드히트!
100131,존귀한 사명을 완수하기 위하여
100141,플란차☆가나도르
100151,빅토리아에게 바치는 무도
100161,Shadow Break
100171,"그대, 황제의 신위를 보라"
100181,블레이즈 오브 프라이드
100191,존귀☆라스트 스퍼—(ﾟ∀ﾟ)—트!
100201,앵글링×스키밍
100211,"하얀 번개, 보여 주꾸마!"
100221,Fairy tale
100231,∴win Q.E.D.
100241,번뜩임☆랜딩
100251,당신을・뒤쫓아서
100261,G00 1st.F∞;
100271,레츠 아나볼릭!
100281,I'M☆FULL☆SPEED!!
100291,눈에 반사되는 빛을 쫓아서
100301,블루 로즈 체이서
100311,충전 완료! 전속 전진!
100321,U=ma2
100331,디오스쿠로이의 유성
100341,"쾌주로다, 쾌주로다!"
100351,승리의 티켓을 너에게!
100361,trigger:BEAT
100371,Schwarzes Schwert
100381,#LookatCurren
100391,"공주라면, 우승을 이 손에"
100401,KEEP IT REAL.
100411,우등생×돌진=대승리!
100421,『I'm possible』
100431,Ding Dong Boo
100441,받아 갈게☆스트렐리치아!
100451,퓨리티 오브 하트
100461,반짝반짝☆STARDOM
100471,"치켜들어라, 내 영혼의 검을!"
100481,YEAH☆VIVID TIME!
100491,벼랑 끝에서 광기를 비웃어라
100501,Nemesis
100511,"꽃봉오리, 피어날 때"
100521,두근두근 클라이맥스
100531,열혈!! 선도 어택
100541,질풍폭주 페가수스 대시!
100551,만색찬란☆마블러스★세계
100561,옵니다 오고 있습니다 오게 할 겁니다!
100571,"서정, 여로의 끝에"
100581,I Never Goof Up!
100591,"저편, 그 너머로…"
100601,반드시 그 너머로…!
100611,Pride of KING
100621,"땅, 팟, 뭉"
100631,정금백련
100641,크게 앞지르는 길
100651,텐션 올려 푸쳐핸썹!
100661,엔진 전개! 대분사!
100671,어둠을 비추어라 영원한 빛
100681,승리의 함성 어기여차!
100691,동경은 벚꽃을 넘는다!
100701,세이리오스
100711,"일생의 꿈, 찰나의 비상"
100721,"열화요란, 무적의 춤"
100731,불타오르는 절대적인 의지
100741,아름다운 꽃소식을 알리는 바람
100761,"꽃피는, 세계"
100771,Road to Glory
100781,빛나는 바람
100791,『후나바시 최강!』
100801,Info: Acquired
100821,Shining Runway
100831,Mission: Triumph
100841,벽력의 아우프헤벤
100851,최상이어라
100861,사랑과 녹아라 그저 녹아라
100871,Silent letter
100881,Reversal Illusion
100891,Celeste Oath
100901,Queen's Rebirth
100911,디럭스☆파운틴
100931,행복의 푸른 빛
100941,Faith in the Feral
100961,"지소기적, 백전불태"
100981,운이 트여 날아오르리
100991,빛나라☆토마코마이
101001,Never Say Never
101021,Vivace Volare
101041,새벽의 깃발 『카츠라기 에이스』!
101051,애드・아스트라
101061,Bang☆전 미라클!
101071,Billions of stars
101081,"나찰, 붉은 날개로 천상에 오르리"
101091,잇고・이어지는×꿈・미래
101101,Guiding Sea
101111,"따라간 핏줄, 싹트는 미래"
101151,"나의 패도, 가로막을 자 없도다"
101161,열화의 세례
101171,날 선 기세의 알레그로
101191,"『그럼, 좋은 여행 되시길』"
101201,무이무삼인 한 줄기 길
101211,Lame de vent
101241,"부푸는 꿈, 선봉의 길"
101271,대상 포착! 정의 수행!
101311,¡Qué alegría!
101321,Circulating Love♡
101331,Weaving History
110011,겁나게 귀엽네♪머린 다이브
110021,수평선 저 너머로
110031,"절대는, 나야"
110041,뭉클하게♪Chu
110051,Ravissant
110061,크리스마스 이브의 미라클 런!
110071,Adventure of 564
110081,Into High Gear!
110091,Queen's Lumination
110101,Joyful Voyage!
110111,게인 힐・슈피리어
110121,곱빼기! 퍼스트 바이트!
110131,최강의 이름을 걸고
110141,콘도르 맹격파
110151,복을 베푸는 바르카롤
110161,회색 임계점
110171,어스름이 물러서는 떠들썩한 화살
110181,"훈풍, 영원한 순간을"
110191,너무 존귀해서 되살아났다해!
110201,Do Ya Breakin!
110211,불벼락
110221,Best day ever
110231,Presents from X
110241,플라워리☆머누버
110251,진심 어린 대접이다냥
110261,오퍼레이션・Cacao
110271,당신에게 바치는 프리 푸어링
110291,많이 드셔유!
110301,Drain for rose
110311,프레시☆팔러
110321,여름 하늘 헐레이션
110331,Crystal Mist
110341,등불
110351,"꿈 너머로, 전해져라!"
110361,...found you.
110371,Guten Appetit♪
110381,One True Color
110391,유쾌하고도 굳센 힘
110401,GET DOWN
110411,CHERRY☆스크램블
110421,Do!sirak-magic☆
110441,비장의 materialize
110451,빙글빙글 머미 트릭♡
110461,α-star*
110471,"미지와의 조우, 즉 이야기"
110481,GALmem.포에버♪
110501,Hephaistos
110511,Flowering Dreams
110521,113전 114기
110531,오의・늘 여름 버닝!!
110561,벼가 곧 무르익노라
110571,난연활보
110581,Spooky-Scary-Happy
110591,두근거림이 부르는 곳으로
110601,Go☆Go☆for it!
110611,울려 퍼져라! 트레센 응원단!
110621,데구루루!? 파워 드라이브
110641,jingle all the way
110651,"즐겨라, 매시업!"
110671,"검은 구름을 흩뜨리는, 황금의 첫 화살"
110681,훌륭한 진수성찬!
110691,피어라 피어라! 나!
110701,"내달리는 빛, 사냥하는 별들"
110711,Danser le présent
110721,"강용과단, 열화의 칼"
110741,Illuminate you
110771,Joy to the World
110781,Breezy Treat
110831,Immortal Work
110841,심연의 테르프시코레
110851,푸른 불꽃
110861,풀리지 않는 매듭
110871,푹신 보들 아워
110981,오방신이 모여 광채를 연주하니
110991,튀어나와요☆팝핑 셸
111041,결의일필
111051,Encounter with U
111071,Romantic Horizon
111101,시간을 달리는 여울
120011,"위풍당당, 아름다운 꿈!"
120031,"가무환락이여, 아아 즐겁도다"
120041,영험작연 따봉 신탁
120071,Vive la GOLD
120111,연무・숙녀의 나기나타
120131,"빛나는 바다, 눈부신 그대"
120231,승리에 이르는 누적
120241,HOP STEP♪LOCK ON!
120301,푸른 하늘 쿠킹♪
120311,전력 전개! 사이클론
120321,초광속 미립자의 가능성
120351,GO! Full-send
120371,바닷바람의 Geschenk
120401,Silent Sunset Gold
120451,인법・미소로 맺는 마음의 인
120461,Forward March!
120501,Overdrive Speed
120601,쫀득쫀득・맑음맑음
120611,이상으로의 winding road
120671,퐁트・드・디아망
120681,모두의 나에게!
100101111,배고픈 대장
100101211,꿈을 이뤄 주는 뒷심
100102111,한여름의 자유
100102211,한여름의 총대장
100103111,노도의 출진
100103211,일본 최고의 근성
100201111,최대 집중
100201211,이차원의 도망자
100202111,푸른색 이스케이프
100202121,푸른 바다를 넘는 푸가
100202211,푸른 하늘을 달리는 라파가
100301111,천재적 기교
100301211,제왕 스텝
100302111,레이스의 천재
100302211,지평선 저편까지
100303111,천부적인 움직임
100303211,반락유희
100303221,"쉽다, 쉬워, 정말 쉽구나♪"
100401111,날아 보자구!
100401211,홍련의 오버 레브
100402111,심쿵☆말괄량이 우마무스메!
100402211,단상의 지배자
100403111,선녀의 날개옷
100403211,신내림 댄스
100501111,빛나는 톱스타
100501211,엔터테이너
100501221,반짝이는 '기적'을
100502111,압권의 트릭
100502121,마음을 사로잡는 코너링
100502211,반짝이는 톱스타
100601111,가사마쓰의 먹보
100601121,굶주린 괴물
100601211,괴물의 코너링
100602111,폭식 보양
100602211,크리스마스의 기적 체험
100701111,"564 아이즈, 시야 선명!"
100701211,익스트림 하교술
100702111,신비 체험! 골쉽 워프
100702211,"오징어 튀김, 어떠세요!?"
100702221,불타오른다고!!
100703111,밀려드는 쥬뗌므
100703211,거친 해안을 선호하는 황금배
100801111,스키틀 브레이크
100801211,뛰어난 다리
100802111,앞질러 주겠어!
100802211,최속의 톱기어
100901111,퍼펙트 튠
100901211,내가 이길 거야!
100902111,말괄량이 여왕
100902211,열리는 꿈의 문
101001111,조준 사격입니다!
101001211,Frontier Spirit
101002111,Adventure의 선도자
101002211,진검승부입니다!
101101111,요조숙녀
101101211,불퇴전의 의지
101102111,큐어리 힐
101102211,용기의 마법
101103111,꿰뚫는 푸름
101103211,승기 도래
101201111,승리를 향한 포효
101201121,맞짱에 거는 집념
101201211,노도의 포로로카
101202111,열렬한 인게이지!
101202211,투혼입도!
101301111,메지로의 마음가짐
101301211,명배우의 여유
101302111,액티브 레스트
101302211,하늘 끝까지
101303111,여름의 명배우
101303211,일의전심으로 리프레시!
101401111,매의 눈
101401211,여유로운 퍼포먼스
101402111,호용무쌍
101402121,콘도르 도약술
101402211,승천하는 콘도르
101501111,강림! 세기말 패왕!
101501211,가극왕의 행진
101502111,왈츠의 마에스트로
101502121,코너에 내려앉은 가극왕
101502211,나는 늦지 않게 찾아온다!
101601111,일도양단
101601211,굶주린 늑대의 송곳니
101602111,BLAZING WOLF
101602211,갈망하는 괴물
101701111,황제의 시선
101701211,개수일촉
101702111,신색자약
101702211,풍상고결
101801111,여제의 권모
101801211,수월경화
101802111,여제의 긍지
101802211,상현의 소믈리에
101901111,한계 우마무스메 마니아
101901211,맨 앞줄은 양보하지 않아!
101901221,목표는 맨 앞줄로 가는 길!
101902111,초특급 입고!
101902121,끓어오른다앗~~!!
101902211,존귀함을 찾아 부화~~알!
102001111,패스트 리트리브
102001121,거물을 노리는 마음가짐
102001211,탈출 대작전
102002111,도망쳐~♪
102002121,서프라이즈 대성공~☆
102002211,레코드 러너
102101111,뇌등운분
102101121,퍼뜩 시작해 보까!
102101211,꼬리 날아오르기
102102111,선도자들에게 바치는 기도의 찬사
102102211,"자, 내랑 붙어 보는 기다!"
102102221,"자, 간대이!"
102201111,로열스터
102201211,천공 떨구기
102202111,추억을 힘으로 바꾸어
102202211,모리안의 창
102202221,이상으로 향하는 각오
102301111,"예상대로, 여유 충분"
102301211,계획적 쿨다운
102302111,VIP다운 뒷모습
102302211,전력 산타클로스
102303111,시뮬레이트 글라스・온
102303211,네온 꼬리를 끌며
102401111,You copy?
102401211,I copy!
102402111,순백의 속삭임
102402211,배럴 롤
102403111,앞서가는☆테일 윈드
102403211,콕핏・매지션
102501111,커피 브레이크
102501211,두고 가지 마
102502111,다가오는 땅거미
102502211,현해 영역
102601111,클럭 업
102601211,고난을 이겨낸 자
102602111,완벽한 에러 대처술
102602121,저당분 이스케이프
102602211,퍼펙트 부트
102701111,머슬 앤섬
102701211,라이징 벌크업
102702111,꿈을 이루는 결의를 드리죠
102702211,지고의 승리를 맛보시길
102801111,사전 준비 완료!
102801211,보노한 대식가
102801221,붙어 보자!
102901111,동경하는 시티 걸
102901211,설국에서 익힌 직활강
102901221,결의의 근성무스메
102902111,좀 더 힘내는 겨!
102902211,곡선에 흩날리는 눈
102902221,하현의 설월화
103001111,결의의 히어로
103001211,검은 자객
103002111,힘내자~ …오~!
103002211,트릭 & 트릿
103003111,정상에서 잘 먹겠습니다
103003211,요도의 축복
103101111,말괄량이 우마무스메 언니
103101211,사나운 풍신
103102111,주문은 확실하게!
103102211,화려한 서빙
103103111,가장 경치 좋은 곳으로!
103103211,푸른 하늘 아래에서 기다릴게!
103201111,가능성의 걸음
103201211,효율적 휴식법
103202111,라플라스의 악마
103202211,찬란한 룩손
103203111,광속을 초월하는 입자
103203211,피험자 관찰
103301111,조용한 맹세
103301211,자신을 태우는 혜성
103302111,알・와키를 쫓아서
103302211,빙성융해
103401111,소방 사다리 오르기
103401211,모래먼지의 전문가
103401221,멋들어진 달인의 솜씨
103402111,부채춤
103402211,돋보이는 춤사위
103402221,위타천의 달음질
103501111,꾸준한 노력
103501211,위닝 로드
103502111,천만 마력!!!
103502211,분명 날 수 있어!
103503111,전・력・두근・두근!!
103503211,Dreamer's Path
103601111,업리프팅
103601211,Lose Myself
103602111,Gluttony's Grip
103602121,노이즈 캔슬링
103602211,죄인
103701111,섬광의 마기아
103701211,긍지를 걸고
103702111,승리의 레시피
103702121,재료 준비는 완벽
103702211,검은 섬광
103703111,Ritter von Fuchu
103703211,섬광의 분류
103801111,#귀여운_교란♪
103801211,#반해라♪
103802111,#카렌으로_물들어_볼래?
103802121,마음을 빼앗기는 섬광
103802211,#뷰티_스프린트
103901111,논스톱 프린세스
103901211,날뛰는 용
103902111,톱・오브・더・공주!
103902211,폭주맹희☆급전직하!!
104001111,선견지명
104001211,런웨이의 주역
104001221,피날레의 선두로
104002111,깔끔한 포진
104002211,호시탐탐
104003111,Wild Runway
104003211,황금빛 뜨거운 태양
104101111,돌진적 스프린트!
104101211,돌진적 리드!
104102111,저돌맹진! 돌진 로드!
104102211,돌진! 폭진! 바쿠신!
104201111,세계를 꿰뚫는 지고의 반짝임
104201211,펄류 댄스 배틀
104202111,미스트랄에 올라타
104202211,바다 밑에서 반짝여…☆
104301111,전속전진인 것이다!
104301211,장난 마이스터
104301221,흙투성이 마왕님
104401111,방과 후 마법 소녀
104401211,참 매직
104401221,샐비어☆스플렌데스
104402111,실피드・마기아
104402211,긴급 마력 부스트
104501111,달콤~한 현혹
104501211,치유의 마에스트로
104502111,보살핌 프로페셔널
104502211,매혹의 머미 위스퍼
104503111,유수유주
104503211,신선 나비 변신 술법
104601111,마구 주목받는 우마돌 등장★
104601121,눈을 떼면 안 돼☆
104601211,우마돌 파워 급상승↑↑
104602111,꿈을 향해 급상승!
104602121,최고봉의 스테이지에!
104602211,절대적 센터!
104603111,포지션은 센터!
104603211,역대급 팬 서비스 간다☆
104701111,영웅으로 향하는 이정표
104701121,이야기를 엮는 자
104701211,빛나는 검
104702111,용약섬섬
104702211,폭풍을 두른 영웅이 가노라
104801111,분위기 타자!
104801211,트렌드 플래너
104802111,무한 찬스!
104802211,내가 최고임!
104802221,나 완전 최고네!
104901111,건곤일척의 대도박
104901211,노름판의 갬블러
105001111,귀기삼연
105001211,휘몰아치는 마음
105002111,똑똑히 보여주겠어!
105002211,기사회생의 출력
105003111,제로 레이턴시
105003211,불굴의 Limit Breaker
105101111,풍화질주
105101121,한 송이 용기
105101211,큰 꽃송이의 결의
105102111,축복의 플라워 걸
105102211,베일을 흔드는 봄의 질풍
105102221,"오래오래, 함께하는 꽃"
105201111,아직이야!
105201211,지지 않을 거야!
105202111,꼭 지켜봐 줘!
105202121,이기고 싶은걸!
105202211,열심히 할 거야!
105301111,질서의 등용문
105301121,용호상박
105301211,가죠! 기합은 충분함다!
105302111,열혈 진화 라이딩!
105302211,필살! 폭속 스프린트!
105401111,급행! 히어로 등장!
105401211,필살・천둥 번개 킥!
105501111,두근두근☆마블러스 존
105501121,쌩쌩 마블러스☆
105501211,추진! 세계 마블러스 계획☆
105601111,길조입니다!
105601211,칠복즉생
105602111,노도의 초행운 파워!
105602211,완벽한 운수대통 체험!
105701111,하늘을 나는 발걸음
105701211,솟아오르는 대지
105702111,눈길을 사로잡는 비연
105702211,"자아, 놓치지 마시라!"
105801111,노도의 스피드
105801211,"포기, 안 해요오~!"
105802111,라이벌이 있으니까!
105802121,마음을 밝히는 투지
105802211,영혼의 인도자
105901111,쿨한 시선
105901121,영광을 향한 날갯짓
105901211,요도의 여왕
105902111,더 모험해 보고 싶어!
105902121,자신감을 갖고 내디뎌서
105902211,기사회생의 한 걸음
106001111,매혹적인 시니컬 걸
106001211,노려라! 주인공!
106002111,열심히 해야만 하겠지
106002211,논스톱 옐
106003111,"좋은 맛, 나지?"
106003211,능숙한 대청소
106003221,능숙한 분위기 메이킹
106101111,번갯불 대첩
106101211,왕의 대국관
106102111,용이 여의주를 얻은듯이
106102211,"봄바람 불어, 벚꽃 흩날린다"
106103111,가로막는 건 없어
106103211,불굴의 증명
106103221,일류의 자세
106201111,고잉 마이 웨이
106201211,에이! 에이! 뭉!
106202111,포지티브 스마일
106202211,대역전극
106202221,위험했다 위험했어!
106301111,철저한 관리 플랜
106301211,쇠불꽃
106401111,장난 아니지?
106401211,갓도주의 마음가짐
106401221,텐업 스타일
106402111,북풍일축
106402211,메리☆크리↑파뤼
106501111,진심 텐션 폭발하는데!
106501211,아묻따 해버려~!
106502111,트렌드 앞서가기☆
106502211,"마일신, 탄☆생"
106601111,출력 1000만%!!
106601211,터보를 따르라~!
106701111,금강불괴
106701121,숨길 수 없는 광채
106701211,시계(우) 방향의 윤무곡
106702111,무아의 경지
106702211,밝지 않는 밤은 없어!
106703111,녹색 혁명
106703211,당스・드・레페
106801111,축제다 어기영차!
106801211,폭풍일섬!
106802111,미래로 날아가요!
106802211,필승의 서두!
106803111,훌륭하도다! 와룡용왕
106803211,만 리를 뛰어넘어 영차!
106901111,꽃놀이 풍년!
106901121,근심보다 달리기가 빠르다
106901211,오늘은 아홉 겹으로 만개합니다
106902111,앵화난만 일직선
106902211,지고 싶지 않아!
107001111,흔들림 없는 애스터
107001211,일등성의 아라베스크
107001221,추상의 트로이메라이
107002111,진창길을 더 선호하거든
107002211,Beat the Stars
107101111,영원한 반짝임
107101211,찰나로의 각오
107102111,아름다운 인광
107102121,그윽한 등불
107102211,희미하고 덧없는 저녁놀
107201111,솟구치는 불꽃
107201211,여덟 겹의 경쟁심
107201221,승리를 바라는 격정
107202111,무사의 세찬 칼날
107202211,무쌍의 추격
107301111,천신만고를 베어 내는 칼날
107301211,용솟음치는 달 유성
107401111,불굴의 아가씨
107401211,움직이지 않음을 요테이산과 같이
107402111,성야의 하늘 길
107402211,눈꽃의 추격
107601111,벚꽃 전선 진행 중!
107601211,한 송이를 피워내요!
107701111,잔디 위의 주인공
107701211,정도
107702111,한결같은 산타클로스
107702211,어두운 밤길도 맡겨 주세요!
107801111,급변풍
107801211,하늬바람
107801221,천풍
107802111,모래 회오리가 되어
107802211,실프・스피릿
107901111,바닷바람의 인도
107901211,용선직왕
108001111,정보 강자
108001211,『미지』를 찾아서
108201111,"마음, 반짝이는 대로!"
108201211,Enjoy the Flight
108301111,질실강건
108301211,혁명을 부르는 위용
108302111,Burn Down
108302211,Service: Transit
108401111,폭풍을 부르는 파괴신
108401211,"도취하라, 세계여"
108402111,아레스의 진격
108402211,아르테미스의 화살
108501111,화려하여라
108501211,언제나 가장 빛나는 반짝임을
108502111,벽력섬전
108502211,재가 될 때까지
108601111,순애
108601211,절벽 위의 요염함
108602111,Limitless Love
108602211,축하연의 정복자
108701111,필승의 피치 업
108701211,기억에 새기는 발걸음
108702111,묻지마 사진 묘기
108702211,기억해 주실 거죠?
108801111,앰비셔스 카드
108801211,밀리언 카드
108901111,위대한 답파
108901211,전력투구
109001111,불요불굴의 여왕
109001211,『언니니까』
109101111,하늘에서 내려 온 리틀 시스터
109101211,하이 소사이어티・멘탈리티!
109301111,K.Speed
109301211,생명의 불꽃
109401111,맹습의 송곳니
109401211,투규의 악귀
109401221,천상천하 유아폭주
109601111,침략여화
109601211,천하의 갈림길
109801111,코파하게 운수대통!
109801211,용맥의 파도
109802111,"황룡, 하늘로 오르다"
109802211,달리는 길조
109901111,토마코마이 맛집에서 입호강!
109901211,관광 대사다운 활약!
109901221,열심히 달려라! 토마코마이의 별
109902111,감사의 고향 메들리
109902211,나아가라 북쪽 바다로
110001111,투혼 주입
110001121,은은한 투지
110001211,여신의 모래 샤워
110201111,Caesura
110201211,Triumph
110401111,해냈다!
110401211,나홀로 도주 여행
110402111,복룡은 깨어나고
110402211,새벽빛을 짊어지고
110501111,"은하의 너머로, 당신과"
110501211,별 바다를 달려서
110502111,루미너스・스펙트럼
110502211,'METI' 레조넌스
110601111,"조급해하지 말고, 기죽지 말고"
110601121,가능한 만큼만 힘내자~!
110601211,조금 좋은 걸 모아서
110701111,Breakaway Star
110701211,Smooth Sailing!
110702111,True Wire-to-Wire!
110702211,"대항해, 유유자적히"
110801111,마천철연
110801211,혁언
110901111,미래를 열어라!
110901211,절~대로 질 수 없어!
111001111,초석이 되어라
111001211,아름다운 변신
111002111,"영화의 발걸음, 막을 자 없으니"
111002211,새하얀 약속
111101111,어머니의 그림자를 쫓아서
111101211,견실한 비책
111501111,나의 뜻이 곧 천리다
111501211,왕위현란
111501221,"…경외하라, 그리고 꿇어라"
111601111,…물러나세요
111601211,Power Am I
111601221,숙녀의 독무대
111701111,그랑・주테
111701211,매진 앙・레르
111901111,끝을 향한 우현 전타
111901211,꿈꾸는 듯한 기분
112001111,섬광일주!
112001211,돌풍일구!
112101111,충심의 베양티프
112101211,올리팡의 천둥소리
112401111,준걸의 여유
112401211,효시의 마지막 길
112701111,단팥빵과 우유
112701211,맹수는 태양에 소리친다
113101111,날 마일리지 마!!
113101211,천만리에 울려 퍼지는 대환성
113201111,스트리밍♡러시
113201211,응원 채팅 부탁해!
113301111,영원무궁
113301211,창세기의 한 페이지
